Query_ID	Target_ID	Optimal_offset	p-value	E-value	q-value	Overlap	Query_consensus	Target_consensus	Orientation
Average_229	SMAD3_HUMAN.H11MO.0.B	2	0.000141194	0.307662	0.246895	10	CAGTCAGCTG	CTCTGTCACCTG	+
Average_229	SMAD3_MOUSE.H11MO.0.B	2	0.000141194	0.307662	0.246895	10	CAGTCAGCTG	CTCTGTCACCTG	+
Average_229	TGIF1_MOUSE.H11MO.0.A	-1	0.000228568	0.498049	0.246895	9	CAGTCAGCTG	TGACAGCTG	+
Average_229	ZN317_HUMAN.H11MO.0.C	4	0.000238583	0.519873	0.246895	10	CAGTCAGCTG	TGAGAAGTCAGCTGTCATTC	-
Average_229	ZN563_HUMAN.H11MO.0.C	10	0.000285811	0.622783	0.246895	10	CAGTCAGCTG	GGGATCCTCACTGGCAGCTGC	+
Average_229	TFAP4_bHLH_1	-2	0.000619881	1.35072	0.384015	8	CAGTCAGCTG	ATCAGCTGTT	-
Average_229	TFAP4_MA0691.1	-2	0.0012333	2.68737	0.384015	8	CAGTCAGCTG	ATCAGCTGTT	-
Average_229	TFAP4_bHLH_2	-2	0.0012333	2.68737	0.384015	8	CAGTCAGCTG	ATCAGCTGTT	-
Average_229	TGIF1_MA0796.1	-1	0.00129826	2.8289	0.384015	9	CAGTCAGCTG	TGACAGCTGTCA	+
Average_229	TGIF1_MEIS_1	-1	0.00129826	2.8289	0.384015	9	CAGTCAGCTG	TGACAGCTGTCA	+
Average_229	TBX20_MOUSE.H11MO.0.C	2	0.00148156	3.22831	0.384015	10	CAGTCAGCTG	ACCTGTCAGCACCT	-
Average_229	TGIF2_MA0797.1	-1	0.00162949	3.55065	0.384015	9	CAGTCAGCTG	TGACAGCTGTCA	+
Average_229	TGIF2_MEIS_1	-1	0.00162949	3.55065	0.384015	9	CAGTCAGCTG	TGACAGCTGTCA	+
Average_229	MYF6_HUMAN.H11MO.0.C	-4	0.00168927	3.68092	0.384015	6	CAGTCAGCTG	CAGCTGC	+
Average_229	MYF6_MOUSE.H11MO.0.C	-4	0.00168927	3.68092	0.384015	6	CAGTCAGCTG	CAGCTGC	+
Average_229	TGIF2LX_MEIS_1	-1	0.00202671	4.4162	0.428878	9	CAGTCAGCTG	TGACAGCTGTCA	+
Average_229	RFX5_HUMAN.H11MO.0.A	-2	0.00244715	5.33234	0.446366	8	CAGTCAGCTG	GTCAGCTGTTGCTAGGCAGA	+
Average_229	MEIS2_HUMAN.H11MO.0.B	0	0.00258362	5.62971	0.446366	10	CAGTCAGCTG	TTGACAGCTGTCA	+
Average_229	MEIS2_MOUSE.H11MO.0.B	0	0.00258362	5.62971	0.446366	10	CAGTCAGCTG	TTGACAGCTGTCA	+
Average_229	PKNOX1_MA0782.1	-1	0.00330379	7.19897	0.45846	9	CAGTCAGCTG	TGACACCTGTCA	-
Average_229	PKNOX1_MEIS_1	-1	0.00330379	7.19897	0.45846	9	CAGTCAGCTG	TGACACCTGTCA	-
Average_229	Meis3.mouse_MEIS_2	-1	0.00377004	8.21492	0.45846	9	CAGTCAGCTG	TGACAGGTGTCA	+
Average_229	Myog_MA0500.1	-2	0.00382121	8.32642	0.45846	8	CAGTCAGCTG	GACAGCTGCAG	+
Average_229	MEIS2_MEIS_1	0	0.00443333	9.66022	0.492882	10	CAGTCAGCTG	TTGACAGCTGTCAA	-
Average_229	Meis2.mouse_MEIS_2	-1	0.00455894	9.93392	0.492882	9	CAGTCAGCTG	TGACACCTGTCA	-
Average_229	Tcf12_MA0521.1	-2	0.00458816	9.99759	0.492882	8	CAGTCAGCTG	AACAGCTGCAG	+

# Tomtom (Motif Comparison Tool): Version 5.0.1 compiled on Jan 10 2020 at 20:04:56
# The format of this file is described at http://meme-suite.org/doc/tomtom-output-format.html.
# tomtom -no-ssc -oc . -verbosity 1 -text -min-overlap 5 -mi 1 -dist pearson -evalue -thresh 10.0 meme/Average_229.meme /srv/www/kundaje/surag/resources/motif_archetypes/pfm_meme_format/motifs.meme.txt
